BEGIN TRANSACTION;
CREATE TABLE IF NOT EXISTS "FeatureSpot" (
	"featureSpotID"	INTEGER,
	"stationSpotID"	INTEGER,
	"x"	NUMERIC,
	"y"	NUMERIC,
	"index"	INTEGER,
	"spotImage"	TEXT,
	"title"	TEXT,
	"detailDescription"	TEXT
);
CREATE TABLE IF NOT EXISTS "MCQuestionChoice" (
	"stationID"	INTEGER,
	"mcQuestionID"	INTEGER,
	PRIMARY KEY("stationID","mcQuestionID"),
	FOREIGN KEY("mcQuestionID") REFERENCES "MultipleChoiceQuestion"("mcQuestionID"),
	FOREIGN KEY("stationID") REFERENCES "Station"("stationID")
);
CREATE TABLE IF NOT EXISTS "MultipleChoiceQuestion" (
	"mcQuestionID"	INTEGER,
	"mcQuestion"	TEXT,
	"choice1"	TEXT,
	"choice2"	TEXT,
	"choice3"	TEXT,
	"choice4"	TEXT,
	"mcAnswer"	TEXT,
	PRIMARY KEY("mcQuestionID")
);
CREATE TABLE IF NOT EXISTS "Station" (
	"stationID"	INTEGER NOT NULL,
	"image"	TEXT,
	"finish"	INTEGER,
	PRIMARY KEY("stationID")
);
CREATE TABLE IF NOT EXISTS "StationSpot" (
	"stationSpotID"	INTEGER,
	"stationID"	INTEGER,
	"place"	TEXT,
	"description"	TEXT,
	"picture1"	TEXT,
	"picture2"	TEXT,
	"picture3"	TEXT,
	"picture4"	TEXT,
	"locationX"	NUMERIC,
	"locationY"	NUMERIC,
	PRIMARY KEY("stationSpotID"),
	FOREIGN KEY("stationID") REFERENCES "Station"("stationID")
);
CREATE TABLE IF NOT EXISTS "TFQuestionChoice" (
	"stationID"	INTEGER,
	"tfQuestionID"	INTEGER,
	PRIMARY KEY("stationID","tfQuestionID"),
	FOREIGN KEY("stationID") REFERENCES "Station"("stationID"),
	FOREIGN KEY("tfQuestionID") REFERENCES "TFQuestionChoice"("tfQuestionID")
);
CREATE TABLE IF NOT EXISTS "TrueFalseQuestion" (
	"tfQuestionID"	INTEGER,
	"tfQuestion"	TEXT,
	"tfAnswer"	TEXT,
	PRIMARY KEY("tfQuestionID")
);
CREATE TABLE IF NOT EXISTS "stations (original)" (
	"stationId"	INTEGER,
	"stationImage"	TEXT,
	"stationName"	TEXT,
	"stationInfo"	TEXT,
	"stationDes1"	TEXT,
	"stationDes2"	TEXT,
	"stationDes3"	TEXT,
	"stationDes1Title"	TEXT,
	"stationDes2Title"	TEXT,
	"stationDes3Title"	TEXT,
	"stationLatitude"	REAL,
	"stationLongtitude"	REAL,
	PRIMARY KEY("stationId")
);
INSERT INTO "FeatureSpot" VALUES (101,1,0.237,0.206,0,'spot2_1','茶園誕生的那天，他只是想喝杯好茶','有一天，金城老師喝到一杯香到讓他眼睛發亮的茶，忍不住大喊：「這茶也太好喝了吧！」三天後，他就把自家的竹筍園改成茶園，堅持友善無毒種金萱、青心烏龍，還自創品牌「金城茶園」。喝茶變種茶，人生轉彎只花了一杯的時間。');
INSERT INTO "FeatureSpot" VALUES (102,1,0.554,0.517,1,'spot2_2','從畫家變茶農，他的畫布現在是茶園','金城老師斜槓工作是愛畫山畫海的藝術家，手上拿的應該是畫筆。但自從開始種茶，畫筆變成了剪刀和除草刀，心中最浪漫的事，就是做出又香又甘的深坑茶啊！結合好奇玩心、利他真心、藝術用心三種心境，成就一座浪漫精緻茶園。');
INSERT INTO "FeatureSpot" VALUES (103,1,0.185,0.737,2,'spot2_3','誰說一定要工業革命? 用雙手種好茶','金城老師的茶園管理，簡直像養寵物一樣。他對茶葉品種、種植、採摘等一切都瞭若指掌，甚至能跟茶葉講心事！有時他也會笑說，自己的茶園不像那些大規模導入「工業革命」的茶園，他更注重能從小而美的規模中，以人工為主，輕機械為輔，琢磨與大自然共生共容的方式。');
INSERT INTO "FeatureSpot" VALUES (201,2,0.7,0.7,0,'spot1_1','古道風華再現','深坑的古道如時光機，帶我們回到先民的開墾歲月。雖然許多古道已被產業道路取代，但大崎嶺步道依然屹立不搖，保留樸實風貌，甚至因土石流意外「去人工化」，還原了最初的樣貌。彷彿穿越回百年前的深坑秘境，這裡才是真正的復古風！');
INSERT INTO "FeatureSpot" VALUES (202,2,0.35,0.8,1,'spot1_2','山上小孩的「極限通學」之路','大崎嶺步道曾是深坑孩子們的「通學步道」，以前沒有產業道路，孩子們只能靠雙腿翻山越嶺去上學。這條步道曾是孩子們的「上學捷徑」，冬天摸黑打著電土燈和煤油火把衝學校，回程還得揹鹽米、運汽水賺零用錢。甚至沿路拖相思木去換錢，真正的「登山打工組」！');
INSERT INTO "FeatureSpot" VALUES (203,2,0.2,0.45,2,'spot1_3','從喘息到悠閒，倒吃甘蔗的歷史自然寶庫','大崎嶺步道不只是歷史隧道，還是自然寶庫。全長 1600 公尺，前半段陡上、後半段緩坡，走起來有如「倒吃甘蔗」，讓你一路從「喘爆模式」切換成「愜意散步」。這裡的綠蔭濃密，夏天來走完全不會被曬成「紅燒」，而且步道整備完善，方向明確，不怕迷路變成「荒野求生」。');
INSERT INTO "FeatureSpot" VALUES (301,3,0.85,0.65,0,'spot4_1','媽祖也愛健走的香香步道','石媽祖步道入口在阿柔洋，來回 30 分鐘剛剛好，還有桂花香當天然香氛機。走著走著，香味撲鼻，腳步都變輕盈，適合親子健行，媽祖可能也想跟著散步！');
INSERT INTO "FeatureSpot" VALUES (302,3,0.4,0.49,1,'spot4_2','古碑立誓：百年前就有的募資','途中遇到一塊 昭和五年古碑，是先人們的「募資建設紀錄」。當年香客太多，山路泥濘難行，大家遂集資鋪橋蓋路，最大捐款 50 圓，最小 6 圓，黃姓捐最多，堪稱「鋪路王」！');
INSERT INTO "FeatureSpot" VALUES (303,3,0.2,0.5,2,'spot4_3','石媽祖傳奇：一塊石頭變媽祖','古道全長約三十分鐘路程，最終可達鎮南宮，此地供奉的不是神像，而是一塊風化而形似媽祖的巨石。原名「水南宮」，是一塊超像媽祖的石頭！據說有年水災，媽祖托夢要改名「鎮南宮」，從此神威顯赫，香火鼎盛。這才是真正的「石來運轉」！');
INSERT INTO "FeatureSpot" VALUES (401,4,0.35,0.25,0,'spot5_1','阿柔坑溪的天然SPA','水清、石階、還有涼亭 阿柔坑溪藏匿在青翠的山林中，水清得像玻璃，沿著石階滾滾流下，簡直像是大自然專門為你設計的按摩水療。來到這裡，放下城市的壓力，走在這些天然石階上，感覺就像走進了天然SPA中心。');
INSERT INTO "FeatureSpot" VALUES (402,4,0.75,0.25,1,'spot5_2','仁者樂山 智者樂水 一起玩水成為智者','對當地人來說，阿柔坑溪不只是風景，更是玩水的天堂。他們在水中嬉戲，任水流輕觸，這種親密關係根本是生活的一部分。坐在涼亭的你心裡是否默默想：「嗯我應該也來場水上運動了」');
INSERT INTO "FeatureSpot" VALUES (403,4,0.4,0.8,2,'spot5_3','遠離城市，來場水聲療癒','如果你還在尋找逃離都市喧囂的好地方，那阿柔坑溪絕對是你的理想選擇。這裡的溪水不僅清澈，還有那無比放鬆的潺潺聲，仿佛每個音符都在告訴你：「放輕鬆，別再想工作了!」');
INSERT INTO "FeatureSpot" VALUES (501,5,0.6,0.3,0,'spot6_1','走進山林 Instagram：這裡的植物比你朋友還上鏡','向天湖曾是昔日通往筆架山的農業道路，沿路像走進大自然的美顏濾鏡，月桃、蕨類、百年石頭屋、紅磚屋齊上陣，還有戴「綠圍裙」的桫欏熱情迎賓。每走一步，都是生態大觀園，動植物排排站歡迎你！');
INSERT INTO "FeatureSpot" VALUES (502,5,0.4,0.5,1,'spot6_2','不是湖卻叫向天湖？這名字騙很大！','向天湖真的是湖嗎？別被名字唬了，這裡是山中谷地＋梯田的混搭美景，日領時期軍事空偵，發現水田迴光猶如山間小湖，向天湖今名自此不脛而走，才有了這個浪漫名字。老祖宗們爬山開墾順便取名，也太會了吧！');
INSERT INTO "FeatureSpot" VALUES (503,5,0.783,0.854,2,'spot6_3','田埂中的流星雨 滿山遍野的螢火蟲','每年 3 到 5 月，向天湖變成螢火蟲的天堂，滿山遍野的閃爍螢光，為夜晚增添夢幻氛圍。此外，這裡的環境維護良好，能見到翡翠樹蛙、五色鳥、台灣藍鵲等豐富動植物生態。');
INSERT INTO "FeatureSpot" VALUES (601,6,0.639,0.843,0,'spot8_1','禮拜堂不是打卡景點，但靈魂真的能充電','每天早上彌撒準時開場，修女微笑點頭不多話，信徒能來參加，但別期待有熱情招呼，修女們微微點頭後就飄走，默默回去工作。彌撒場地不大，但莊嚴氛圍滿分，進門彷彿自帶沉靜濾鏡——唯一要努力的，是先爬上那個坡。');
INSERT INTO "FeatureSpot" VALUES (602,6,0.2,0.2,1,'spot8_2','她們的苦修日常：從祈禱到綁鋼筋','隱修院的特色，就是所有修女都要做工，不只是祈禱戰士，更是農夫、廚娘、水泥工。她們自己種菜、煮飯、打掃，甚至砌磚挑砂石樣樣來，完全自給自足。別懷疑，她們不是在練生存遊戲。');
INSERT INTO "FeatureSpot" VALUES (603,6,0.5,0.597,2,'spot8_3','隱修院血統傳承，來自美國的虔誠','1954年從美國遠道而來的八位修女，在新竹創立母院，之後拓展到深坑、嘉義。院長是高齡 98歲的「保拉姆姆」，屬於聖衣修女會，衣服是咖啡色的，頭戴黑色頭巾的就是發過「終身願」的正式修女，若是還沒有發願的，頭巾帶白色的。');
INSERT INTO "FeatureSpot" VALUES (701,7,0.11,0.58,0,'spot9_1','魔鏡呀魔鏡 誰是北台灣最早的茶園?','你知道1792茶園是北部歷史最悠久的茶園嗎? 為了讓深坑茶香飄得更遠，農會動手改良製茶流程，從設備升級、技術創新到研發符合年輕人口味的新茶包。目標是讓你泡出來的每一口茶，香氣不只撲鼻，還能撩人心弦～誰說傳統茶不能走潮路線？深坑茶就是要傳統中帶點新潮');
INSERT INTO "FeatureSpot" VALUES (702,7,0.5009,0.4029,1,'spot9_2','阿水的種茶人生：從門外漢變特等獎茶神','1792茶園創辦人黃土水，當初不會種茶，只會喝茶。結果一頭栽進茶園人生，他自零開始學習種茶，並親自投入茶園的開墾與管理，四年後靠實力拿下2024包種茶特等獎，證明一句老話：人生苦短，喝好茶不如種好茶！');
INSERT INTO "FeatureSpot" VALUES (703,7,0.7,0.75,2,'spot9_3','茶香＋腦袋＝行銷全場！老茶新玩法','茶葉再香，還是得靠「外表」衝出市場。深坑茶未來將有「高顏值」專屬包裝亮相，圖案融合在地文化，讓你一眼就認出這是深坑出品；量小的也不怕，走公版印刷路線，一樣有型又實惠。配合觀光導覽、茶葉專區、聯名茶飲點心，邊玩邊喝邊買，誰能抗拒這種有故事又好喝的深坑茶？');
INSERT INTO "FeatureSpot" VALUES (801,8,0.153,0.2,0,'spot15_1','你夢過中樂透，他夢到神仙降臨！','深坑蔡宮主原本是貿易老闆，某天在夢裡遇見兩位仙尊：「驪山老母」和「太上道祖」，還指定要「進駐」他家。連續夢了幾個月，他才驚覺這不是普通夢。於是依夢中形象找師傅雕像、開光奉祀，人生直接從貿易轉行開宮，這轉職比轉系還硬核。');
INSERT INTO "FeatureSpot" VALUES (802,8,0.847,0.229,1,'spot15_2','神仙開會所！這座山中宮廟陣容超華麗','深坑的這座神殿不是普通小廟，從驪山老母起家，接著請來瑤池金母、九天玄母、武財神… 甚至還有樊梨花大元帥，陣容比跨年演唱會還強。傳說在安座大典當天還有「群鷹雲集」在天飛舞，根本就是開天窗直播現場，神蹟滿點！');
INSERT INTO "FeatureSpot" VALUES (803,8,0.498,0.728,2,'spot15_3','《我與神明的房地產人生》選廟地比買房還曲折！','創建宮廟不是說蓋就蓋，從台東果園飛來飛去，到苗栗關刀山談判破局，再回頭深坑比地點、談地主、標會借款、簽約買地……最後選定現址時，簡直是天時地利人合，連地主都剛好想賣，果然神明指定地點就是準。');
INSERT INTO "FeatureSpot" VALUES (901,9,0.729,0.204,0,'spot12_1','🌸 春天像掉進櫻花仙境','每年三月，阿柔洋開啟粉嫩濾鏡模式，櫻花開到你手機記憶體崩潰。是散步天堂，更是打卡地獄——因為你會忍不住拍、一直拍、狂拍不止！');
INSERT INTO "FeatureSpot" VALUES (902,9,0.353,0.75,1,'spot12_2','🌿夏天是綠色健身房','這條道路是單車愛好者必訪之地，以其綿延的緩升坡聞名，是大腿的夢魘也是靈魂的淨化儀式。汗流滿面時抬頭一看，天啊——原來天堂是這種翠綠調！');
INSERT INTO "FeatureSpot" VALUES (903,9,0.136,0.391,2,'spot12_3','🌫 冬天雲霧繚繞像進仙境副本','冬晨雲霧繚繞，變化萬千，景色迷人。清晨上路，雲霧飄渺，踩一踩就像在「飛騎凌雲」，彷彿下秒會有仙人對你說：「凡人，你修行得不錯，騎腳踏車真勇健。」');
INSERT INTO "FeatureSpot" VALUES (1001,10,0.198,0.497,0,'spot13_1','荷包茶不是荷包蛋，魚腥草茶有腥味嗎?','園主燕子的家族已經在這片土地上耕耘近二十代，傳承著文山包種茶的種植技藝。但她不僅僅止步於此，而是透過自修與遠行學習，將香草與傳統茶文化結合，創造出獨特的香草養生茶飲，如薄荷包種茶、魚腥草茶等。');
INSERT INTO "FeatureSpot" VALUES (1002,10,0.587,0.281,1,'spot13_2','政大茶  青春靈感的融合滋味','政大學生參訪時靈機一動，建議將薄荷與包種茶結合，激發出園主創作出「政大茶」。另有香草咖啡、香草冰品等，大受好評，提供遊客及團體預約體驗品嘗。');
INSERT INTO "FeatureSpot" VALUES (1003,10,0.758,0.654,2,'spot13_3','颱風天的打工換宿 以工換茶','40歲的園主燕子回歸故里，承襲祖業，並邀請來訪的遊客親身參與農作，甚至在颱風過後，透過「以工換茶」的方式，共同修復農園景觀。');
INSERT INTO "FeatureSpot" VALUES (1101,11,0.153,0.2,0,'spot15_1','三太子遠渡重洋來深坑，三百年香火不斷','別看天南宮低調，這裡供奉的三太子可是資深移民——早在清嘉慶年間就從福建安溪搬來台灣，香火傳了三百多年，比你阿公的阿公還資深！每年農曆九月九，信徒會聚集來過生日，氣氛比跨年還熱鬧。');
INSERT INTO "FeatureSpot" VALUES (1102,11,0.847,0.229,1,'spot15_2','神廟變打卡點，香火與山景齊飛','今天的天南宮不只是信仰中心，更是登山客與單車族的中繼站。爬累了？這裡可以休息賞景、俯瞰台北盆地。拜拜祈福兼散步，從古到今，一樣神清氣爽！');
INSERT INTO "FeatureSpot" VALUES (1103,11,0.498,0.728,2,'spot15_3','神明夢中導航，荒山也能變金廟','民國 73 年，元帥顯靈降駕在茶農高清正身上，指點建廟濟世。雖然山上沒電、沒路、沒水，但三太子夢中報地址：「三公里外的石壁有泉水。」大家一找，真的找到了！建廟過程也一路順利，神蹟傳開。');
INSERT INTO "FeatureSpot" VALUES (1201,12,0.4,0.73,0,'spot18_1','騎士的秘密基地','隱藏在台 106 線旁的 106 Club HOUSE，是一處深受鐵馬好手喜愛的驛站，陳春發董事長透過自身的國外旅遊經驗，將對世界各地單車文化的見聞投射到深坑。106 Club HOUSE，不只是補給站，更是車友的情報交換中心！來阿柔茶文化步道，至少會看到一個腳踏車騎士！');
INSERT INTO "FeatureSpot" VALUES (1202,12,0.8,0.49,1,'spot18_2','最硬派的訓練場','緊鄰一旁的阿柔產業道路，蜿蜒、曲折、坡陡、彎急，擁有連續的上坡與彎路，不論是平日或假日，這條山路上經常可見自行車手用此地的天然地形進行訓練。但對當地阿伯來說，這裡只是一條日常買菜的小徑。');
INSERT INTO "FeatureSpot" VALUES (1203,12,0.61,0.4,2,'spot18_3','鐵馬天堂進化中','深坑不只讓你騎車，還要讓你騎得舒適！公所努力打造單車友善環境、設施與標誌，讓更多人透過自行車旅遊深入探索深坑的自然風貌與地方文化，未來這裡可能變成台北近郊最夯的「鐵馬勝地」！');
INSERT INTO "FeatureSpot" VALUES (1301,13,0.182,0.611,0,'spot17_1','東邊日出西邊雨，雙北換日線','你知道嗎？深坑其實是新北市和台北市的交界地，而你現在站的地方，左邊是新北的深坑，右邊是台北的文山，但是！行政區的指標牌子卻插反邊了，你注意到了嗎？');
INSERT INTO "FeatureSpot" VALUES (1302,13,0.8,0.85,1,'spot17_2','深坑四寶：豆腐與茶葉，絕對是你味蕾的新冒險！','手工製作，水質甘甜，豆腐無論是紅燒、油炸還是糖醋、鹽滷法、木炭火加熱，讓每一塊豆腐都帶著焦香，柔嫩又有彈性。還有深坑的茶葉，它可是台灣最早栽種的地區之一，從清朝時期就開始外銷，成為文山地區的茶葉集散中心。來深坑，不只是吃，更是一場穿越百年歷史的味覺之旅！');
INSERT INTO "FeatureSpot" VALUES (1303,13,0.573,0.497,2,'spot17_3','深坑四寶: 還有黑豬肉和竹筍，等你來解鎖！','優質綠竹筍挑選訣竅為「四無」及「四有」，四無為無出青、無受傷、無漂白及無臭水管味。四有為竹筍有形（牛角形）、籜葉有緊、纖維有細及筍底有白。而這些黑豬可是用回收的廚餘經高溫烹煮冷卻後餵食，肉質結實又富有彈性，讓每一口都充滿力量。');
INSERT INTO "MultipleChoiceQuestion" VALUES (1,'阿柔洋產業步道在深坑的哪一邊？','東邊','西邊','南邊','北邊','C');
INSERT INTO "MultipleChoiceQuestion" VALUES (2,'阿柔洋產業步道兩旁種的茶葉是哪種茶？','包種茶','紅茶','東方美人茶','綠茶','A');
INSERT INTO "Station" VALUES (1,'aipicture_14',0);
INSERT INTO "Station" VALUES (2,'aipicture_155',0);
INSERT INTO "Station" VALUES (3,'aipicture_4',0);
INSERT INTO "Station" VALUES (4,'aipicture_12',0);
INSERT INTO "Station" VALUES (5,'aipicture_11',0);
INSERT INTO "Station" VALUES (6,'aipicture_5',0);
INSERT INTO "Station" VALUES (7,'aipicture_10',0);
INSERT INTO "Station" VALUES (8,'aipicture_21',0);
INSERT INTO "Station" VALUES (9,'aipicture_2',0);
INSERT INTO "Station" VALUES (10,'aipicture_1',0);
INSERT INTO "Station" VALUES (11,'aipicture_13',0);
INSERT INTO "Station" VALUES (12,'aipicture_6',0);
INSERT INTO "Station" VALUES (13,'original_8',0);
INSERT INTO "Station" VALUES (14,'aipicture_22',0);
INSERT INTO "Station" VALUES (15,'aipicture_16',0);
INSERT INTO "Station" VALUES (16,'aipicture_20',0);
INSERT INTO "Station" VALUES (17,'aipicture_18',0);
INSERT INTO "Station" VALUES (18,'go',0);
INSERT INTO "StationSpot" VALUES (1,1,'金城茶園','黃金城老師的種茶動機，起源於自己喝到很好喝的茶，就將家中的竹筍園改成茶園，取名「金城茶園」，堅持友善無毒栽種金萱、青心烏龍等。','original_14_1','original_14_2','original_14_3',NULL,24.98827,121.618095);
INSERT INTO "StationSpot" VALUES (2,2,'大崎嶺步道口','大崎嶺步道入口位在阿柔洋產業道路約250公尺，步道入口在道路右側槡園旁的一條小徑。昔日為聯繫聚落的重要山徑。步道沿途林木蒼鬱，景色優美，並保留許多歷史遺跡，如石階與古碑，展現先民開拓的足跡。','original_15','original_15_1','original_15_3',NULL,24.996291,121.6136);
INSERT INTO "StationSpot" VALUES (3,4,'石媽祖古道','石媽祖步道入口在阿柔洋產業道路約450公尺處，步道終點為鎮南宮石媽祖廟，沿路兩側桂花樹撲鼻，風景優美，適合親子健行。','original_12','original_12_1','original_12_2',NULL,24.993897,121.61471);
INSERT INTO "StationSpot" VALUES (4,5,'阿柔坑溪親水空間','阿柔坑溪隱身於青翠山林間，溪水沿層層石階流瀉，形成如畫般的階梯水景。溪畔綠意盎然，並設有涼亭供遊客休憩，環境幽靜清新。漫步於潺潺水聲中，遠離城市喧囂，感受大自然的寧靜與療癒氣息，是放鬆身心的理想去處。','original_11_1','original_11_2','original_11_3','original_11_4',24.993184,121.617922);
INSERT INTO "StationSpot" VALUES (5,6,'向天湖','位於阿柔洋產業道路東側，仍保有原始田園風貌，種植水稻、蔬菜與綠竹筍，四季更迭展現農村之美。每年四月，螢火蟲飛舞，螢光閃閃。房舍後方有大片桂竹林，環境純樸自然。插秧與收割時，鄰里相互幫忙，充滿濃厚人情味。','original_5','original_1','original_3','original_4',24.992187,121.619625);
INSERT INTO "StationSpot" VALUES (6,8,'加爾默羅聖母聖衣隱修院','位在寧靜的深山中的加爾默羅聖母聖衣隱修院，為天主教最嚴格的隱修院之一。在靜默中祈祷，隱修女度著靜默生活，終身奉獻，祈禱刻苦、也透過彼此相互祈禱，使她們之間的生命更加緊密地連結在一起。','original_3_1','original_3',NULL,NULL,24.998224,121.612849);
INSERT INTO "StationSpot" VALUES (7,9,'1792茶園','1792茶園創辦人黃土水深刻體會到深坑茶產業面臨的挑戰，決心以實際行動振興在地茶業。2024年新北好茶石碇冬季文山包種茶比賽，榮獲特等獎！為振興深坑茶產業奠定了關鍵基石。','original_2','original_2_1',NULL,NULL,24.98827,121.618095);
INSERT INTO "StationSpot" VALUES (8,10,'驪山老母-無極慈母宮','創建於民國九十年，主祀驪山老母，奉祀太上道祖。驪山老母為道教女仙，常指點迷津、傳授秘籍，深受信眾崇敬，民間影響深遠。蔡貴德宮主因夢中多次感應，依神示雕塑聖像，並擇吉日開光奉祀。','original_1','original_1_2','original_1_3',NULL,24.984065,121.614538);
INSERT INTO "StationSpot" VALUES (9,12,'阿柔洋產業道路','阿柔洋產業道路四季皆有不同風貌，春櫻綻放、夏日翠綠、秋季迷人、冬晨雲霧繚繞，變化萬千，景色迷人。這條道路是單車愛好者必訪之地，以其綿延的緩升坡聞名，挑戰體力之餘，也能欣賞沿途壯闊山景與純樸田野風光。','original_6','aipicture_6',NULL,NULL,37.422015,-122.084063);
INSERT INTO "StationSpot" VALUES (10,13,'青山香草教育農園','阿柔地產的桑麻丸與在地花藝，採用在地生產的芝麻、蜂蜜和桑葉製作而成，展現深坑滿滿的農藝魅力與文化底蘊。','original_8_1','original_8_2','original_8','original_8_4',24.975459,121.614972);
INSERT INTO "StationSpot" VALUES (11,15,'天南宮','敬奉的三太子元祖已有三百多年歷史，於清嘉慶年間自安溪縣遷祀來台，日據時期供奉於文山郡深坑庄大崙尾一號。每年農曆九月九日為三太子聖誕，信眾齊聚慶典，共同祈福，延續傳統信仰。','original_16','original_16_1',NULL,NULL,24.97521,121.615131);
INSERT INTO "StationSpot" VALUES (12,16,'106 Club House','阿柔茶文化步道的起點，位於台106乙線的鐵馬驛站，距離台北101開車只要10分鐘。鄰近的阿柔楊產業道路則是自行車好手練車的地方。','original_18_2',NULL,NULL,NULL,24.998224,121.612849);
INSERT INTO "StationSpot" VALUES (13,17,'新北台北縣市交會處：深坑與木柵','此交會處為行政區交界，一邊為新北市深坑區、另一邊為台北市文山區。','original_20','original_20_1',NULL,NULL,24.973378,121.614516);
INSERT INTO "TrueFalseQuestion" VALUES (1,'1792年是文獻最早記載在深坑種植茶葉的年份？','A');
INSERT INTO "TrueFalseQuestion" VALUES (2,'羅山老母供俸的是樟梨花？','B');
INSERT INTO "TrueFalseQuestion" VALUES (3,'向天湖是一座湖？','B');
INSERT INTO "stations (original)" VALUES (1,'aipicture_14','金城茶園','黃金城老師的種茶動機，起源於自己喝到很好喝的茶，就將家中的竹筍園改成茶園，取名「金城茶園」，堅持友善無毒栽種金萱、青心烏龍等。','有一天，金城老師喝到一杯香到讓他眼睛發亮的茶，忍不住大喊：「這茶也太好喝了吧！」三天後，他就把自家的竹筍園改成茶園，堅持友善無毒種金萱、青心烏龍，還自創品牌「金城茶園」。喝茶變種茶，人生轉彎只花了一杯的時間。','金城老師斜槓工作是愛畫山畫海的藝術家，手上拿的應該是畫筆。但自從開始種茶，畫筆變成了剪刀和除草刀，心中最浪漫的事，就是做出又香又甘的深坑茶啊！結合好奇玩心、利他真心、藝術用心三種心境，成就一座浪漫精緻茶園。','金城老師的茶園管理，簡直像養寵物一樣。他對茶葉品種、種植、採摘等一切都瞭若指掌，甚至能跟茶葉講心事！有時他也會笑說，自己的茶園不像那些大規模導入「工業革命」的茶園，他更注重能從小而美的規模中，以人工為主，輕機械為輔，琢磨與大自然共生共容的方式。','茶園誕生的那天，他只是想喝杯好茶','從畫家變茶農，他的畫布現在是茶園','誰說一定要工業革命? 用雙手種好茶',24.98827,121.618095);
INSERT INTO "stations (original)" VALUES (2,'aipicture_155','大崎嶺步道口','大崎嶺步道入口位在阿柔洋產業道路約250公尺，步道入口在道路右側槡園旁的一條小徑。昔日為聯繫聚落的重要山徑。步道沿途林木蒼鬱，景色優美，並保留許多歷史遺跡，如石階與古碑，展現先民開拓的足跡。','深坑的古道如時光機，帶我們回到先民的開墾歲月。雖然許多古道已被產業道路取代，但大崎嶺步道依然屹立不搖，保留樸實風貌，甚至因土石流意外「去人工化」，還原了最初的樣貌。彷彿穿越回百年前的深坑秘境，這裡才是真正的復古風！','大崎嶺步道曾是深坑孩子們的「通學步道」，以前沒有產業道路，孩子們只能靠雙腿翻山越嶺去上學。這條步道曾是孩子們的「上學捷徑」，冬天摸黑打著 電土燈和煤油火把 衝學校，回程還得揹鹽米、運汽水賺零用錢。甚至沿路拖相思木去換錢，真正的「登山打工組」！','大崎嶺步道不只是歷史隧道，還是自然寶庫。全長 1600 公尺，前半段陡上、後半段緩坡，走起來有如「倒吃甘蔗」，讓你一路從「喘爆模式」切換成「愜意散步」。這裡的綠蔭濃密，夏天來走完全不會被曬成「紅燒」，而且步道整備完善，方向明確，不怕迷路變成「荒野求生」。','古道風華再現','山上小孩的「極限通學」之路','從喘息到悠閒，倒吃甘蔗的歷史自然寶庫',24.996291,121.6136);
INSERT INTO "stations (original)" VALUES (3,'aipicture_4','擲茭',NULL,NULL,NULL,NULL,NULL,NULL,NULL,NULL,NULL);
INSERT INTO "stations (original)" VALUES (4,'aipicture_12','石媽祖古道','石媽祖步道入口在阿柔洋產業道路約450公尺處，步道終點為鎮南宮石媽祖廟，沿路兩側桂花樹撲鼻，風景優美，適合親子健行。','石媽祖步道入口在阿柔洋，來回 30 分鐘剛剛好，還有桂花香當天然香氛機。走著走著，香味撲鼻，腳步都變輕盈，適合親子健行，媽祖可能也想跟著散步！','途中遇到一塊 昭和五年古碑，是先人們的「募資建設紀錄」。當年香客太多，山路泥濘難行，大家遂集資鋪橋蓋路，最大捐款 50 圓，最小 6 圓，黃姓捐最多，堪稱「鋪路王」！','古道全長約三十分鐘路程，最終可達鎮南宮，此地供奉的不是神像，而是一塊風化而形似媽祖的巨石。原名「水南宮」，是一塊超像媽祖的石頭！據說有年水災，媽祖托夢要改名「鎮南宮」，從此神威顯赫，香火鼎盛。這才是真正的「石來運轉」！','媽祖也愛健走的香香步道','古碑立誓：百年前就有的募資','石媽祖傳奇：一塊石頭變媽祖',24.993897,121.61471);
INSERT INTO "stations (original)" VALUES (5,'aipicture_11','阿柔坑溪親水空間','阿柔坑溪隱身於青翠山林間，溪水沿層層石階流瀉，形成如畫般的階梯水景。溪畔綠意盎然，並設有涼亭供遊客休憩，環境幽靜清新。漫步於潺潺水聲中，遠離城市喧囂，感受大自然的寧靜與療癒氣息，是放鬆身心的理想去處。','水清、石階、還有涼亭 阿柔坑溪藏匿在青翠的山林中，水清得像玻璃，沿著石階滾滾流下，簡直像是大自然專門為你設計的按摩水療。來到這裡，放下城市的壓力，走在這些天然石階上，感覺就像走進了天然SPA中心。','對當地人來說，阿柔坑溪不只是風景，更是玩水的天堂。他們在水中嬉戲，任水流輕觸，這種親密關係根本是生活的一部分。坐在涼亭的你心裡是否默默想：「嗯我應該也來場水上運動了」','如果你還在尋找逃離都市喧囂的好地方，那阿柔坑溪絕對是你的理想選擇。這裡的溪水不僅清澈，還有那無比放鬆的潺潺聲，仿佛每個音符都在告訴你：「放輕鬆，別再想工作了!」','阿柔坑溪的天然SPA','仁者樂山 智者樂水 一起玩水成為智者','遠離城市，來場水聲療癒',24.993184,121.617922);
INSERT INTO "stations (original)" VALUES (6,'aipicture_5','向天湖','位於阿柔洋產業道路東側，仍保有原始田園風貌，種植水稻、蔬菜與綠竹筍，四季更迭展現農村之美。每年四月，螢火蟲飛舞，螢光閃閃。房舍後方有大片桂竹林，環境純樸自然。插秧與收割時，鄰里相互幫忙，充滿濃厚人情味。','向天湖曾是昔日通往筆架山的農業道路，沿路像走進大自然的美顏濾鏡，月桃、蕨類、百年石頭屋、紅磚屋齊上陣，還有戴「綠圍裙」的桫欏熱情迎賓。每走一步，都是生態大觀園，動植物排排站歡迎你！','向天湖真的是湖嗎？別被名字唬了，這裡是山中谷地＋梯田的混搭美景，日領時期軍事空偵，發現水田迴光猶如山間小湖，向天湖今名自此不脛而走，才有了這個浪漫名字。老祖宗們爬山開墾順便取名，也太會了吧！','每年 3 到 5 月，向天湖變成螢火蟲的天堂，滿山遍野的閃爍螢光，為夜晚增添夢幻氛圍。此外，這裡的環境維護良好，能見到翡翠樹蛙、五色鳥、台灣藍鵲等豐富動植物生態。','走進山林 Instagram：這裡的植物比你朋友還上鏡','不是湖卻叫向天湖？這名字騙很大！','田埂中的流星雨 滿山遍野的螢火蟲',24.992187,121.619625);
INSERT INTO "stations (original)" VALUES (7,'aipicture_10','擲茭',NULL,NULL,NULL,NULL,NULL,NULL,NULL,NULL,NULL);
INSERT INTO "stations (original)" VALUES (8,'aipicture_21','加爾默羅聖母聖衣隱修院','位在寧靜的深山中的加爾默羅聖母聖衣隱修院，為天主教最嚴格的隱修院之一。在靜默中祈禱，隱修女度著靜默生活，終身奉獻，祈禱刻苦、也透過彼此相互祈禱，使她們之間的生命更加緊密地連結在一起。','每天早上彌撒準時開場，修女微笑點頭不多話，信徒能來參加，但別期待有熱情招呼，修女們微微點頭後就飄走，默默回去工作。彌撒場地不大，但莊嚴氛圍滿分，進門彷彿自帶沉靜濾鏡——唯一要努力的，是先爬上那個坡。','隱修院的特色，就是所有修女都要做工，不只是祈禱戰士，更是農夫、廚娘、水泥工。她們自己種菜、煮飯、打掃，甚至砌磚挑砂石樣樣來，完全自給自足。別懷疑，她們不是在練生存遊戲。','1954年從美國遠道而來的八位修女，在新竹創立母院，之後拓展到深坑、嘉義。院長是高齡 98歲的「保拉姆姆」，屬於聖衣修女會，衣服是咖啡色的，頭戴黑色頭巾的就是發過「終身願」的正式修女，若是還沒有發願的，頭巾帶白色的。','禮拜堂不是打卡景點，但靈魂真的能充電','她們的苦修日常：從祈禱到綁鋼筋','隱修院血統傳承，來自美國的虔誠',24.998224,121.612849);
INSERT INTO "stations (original)" VALUES (9,'aipicture_2','1792茶園','1792茶園創辦人黃土水深刻體會到深坑茶產業面臨的挑戰，決心以實際行動振興在地茶業。2024年新北好茶石碇冬季文山包種茶比賽，榮獲特等獎！為振興深坑茶產業奠定了關鍵基石。','你知道1792茶園是北部歷史最悠久的茶園嗎? 為了讓深坑茶香飄得更遠，農會動手改良製茶流程，從設備升級、技術創新到研發符合年輕人口味的新茶包。目標是讓你泡出來的每一口茶，香氣不只撲鼻，還能撩人心弦～誰說傳統茶不能走潮路線？深坑茶就是要傳統中帶點新潮','1792茶園創辦人黃土水，當初不會種茶，只會喝茶。結果一頭栽進茶園人生，他自零開始學習種茶，並親自投入茶園的開墾與管理，四年後靠實力拿下2024包種茶特等獎，證明一句老話：人生苦短，喝好茶不如種好茶！','茶葉再香，還是得靠「外表」衝出市場。深坑茶未來將有「高顏值」專屬包裝亮相，圖案融合在地文化，讓你一眼就認出這是深坑出品；量小的也不怕，走公版印刷路線，一樣有型又實惠。配合觀光導覽、茶葉專區、聯名茶飲點心，邊玩邊喝邊買，誰能抗拒這種有故事又好喝的深坑茶？','魔鏡呀魔鏡 誰是北台灣最早的茶園?','阿水的種茶人生：從門外漢變特等獎茶神','茶香＋腦袋＝行銷全場！老茶新玩法',24.98827,121.618095);
INSERT INTO "stations (original)" VALUES (10,'aipicture_1','驪山老母-無極慈母宮','創建於民國九十年，主祀驪山老母，奉祀太上道祖。驪山老母為道教女仙，常指點迷津、傳授秘籍，深受信眾崇敬，民間影響深遠。蔡貴德宮主因夢中多次感應，依神示雕塑聖像，並擇吉日開光奉祀。','深坑蔡宮主原本是貿易老闆，某天在夢裡遇見兩位仙尊：「驪山老母」和「太上道祖」，還指定要「進駐」他家。連續夢了幾個月，他才驚覺這不是普通夢。於是依夢中形象找師傅雕像、開光奉祀，人生直接從貿易轉行開宮，這轉職比轉系還硬核。','深坑的這座神殿不是普通小廟，從驪山老母起家，接著請來瑤池金母、九天玄母、武財神… 甚至還有樊梨花大元帥，陣容比跨年演唱會還強。傳說在安座大典當天還有「群鷹雲集」在天飛舞，根本就是開天窗直播現場，神蹟滿點！','創建宮廟不是說蓋就蓋，從台東果園飛來飛去，到苗栗關刀山談判破局，再回頭深坑比地點、談地主、標會借款、簽約買地……最後選定現址時，簡直是天時地利人合，連地主都剛好想賣，果然神明指定地點就是準。','你夢過中樂透，他夢到神仙降臨！','神仙開會所！這座山中宮廟陣容超華麗','《我與神明的房地產人生》選廟地比買房還曲折！',24.984065,121.614538);
INSERT INTO "stations (original)" VALUES (11,'aipicture_13','抽籤',NULL,NULL,NULL,NULL,NULL,NULL,NULL,NULL,NULL);
INSERT INTO "stations (original)" VALUES (12,'aipicture_6','阿柔洋產業道路','阿柔洋產業道路四季皆有不同風貌，春櫻綻放、夏日翠綠、秋季迷人、冬晨雲霧繚繞，變化萬千，景色迷人。這條道路是單車愛好者必訪之地，以其綿延的緩升坡聞名，挑戰體力之餘，也能欣賞沿途壯闊山景與純樸田野風光。','每年三月，阿柔洋開啟粉嫩濾鏡模式，櫻花開到你手機記憶體崩潰。是散步天堂，更是打卡地獄——因為你會忍不住拍、一直拍、狂拍不止！','這條道路是單車愛好者必訪之地，以其綿延的緩升坡聞名，是大腿的夢魘也是靈魂的淨化儀式。汗流滿面時抬頭一看，天啊——原來天堂是這種翠綠調！','冬晨雲霧繚繞，變化萬千，景色迷人。清晨上路，雲霧飄渺，踩一踩就像在「飛騎凌雲」，彷彿下秒會有仙人對你說：「凡人，你修行得不錯，騎腳踏車真勇健。」','春天像掉進櫻花仙境','夏天是綠色健身房','冬天雲霧繚繞像進仙境副本',37.422015,-122.084063);
INSERT INTO "stations (original)" VALUES (13,'original_8','青山香草教育農園','阿柔地產的桑麻丸與在地花藝，採用在地生產的芝麻、蜂蜜和桑葉製作而成，展現深坑滿滿的農藝魅力與文化底蘊。','園主燕子的家族已經在這片土地上耕耘近二十代，傳承著文山包種茶的種植技藝。但她不僅僅止步於此，而是透過自修與遠行學習，將香草與傳統茶文化結合，創造出獨特的香草養生茶飲，如薄荷包種茶、魚腥草茶等。','政大學生參訪時靈機一動，建議將薄荷與包種茶結合，激發出園主創作出「政大茶」。另有香草咖啡、香草冰品等，大受好評，提供遊客及團體預約體驗品嘗。','40歲的園主燕子回歸故里，承襲祖業，並邀請來訪的遊客親身參與農作，甚至在颱風過後，透過「以工換茶」的方式，共同修復農園景觀。','荷包茶不是荷包蛋，魚腥草茶有腥味嗎?','政大茶 青春靈感的融合滋味','颱風天的打工換宿 以工換茶',24.975459,121.614972);
INSERT INTO "stations (original)" VALUES (14,'aipicture_9','抽籤',NULL,NULL,NULL,NULL,NULL,NULL,NULL,NULL,NULL);
INSERT INTO "stations (original)" VALUES (15,'aipicture_16','天南宮','敬奉的三太子元祖已有三百多年歷史，於清嘉慶年間自安溪縣遷祀來台，日據時期供奉於文山郡深坑庄大崙尾一號。每年農曆九月九日為三太子聖誕，信眾齊聚慶典，共同祈福，延續傳統信仰。','別看天南宮低調，這裡供奉的三太子可是資深移民——早在清嘉慶年間就從福建安溪搬來台灣，香火傳了三百多年，比你阿公的阿公還資深！每年農曆九月九，信徒會聚集來過生日，氣氛比跨年還熱鬧。','今天的天南宮不只是信仰中心，更是登山客與單車族的中繼站。爬累了？這裡可以休息賞景、俯瞰台北盆地。拜拜祈福兼散步，從古到今，一樣神清氣爽！','民國 73 年，元帥顯靈降駕在茶農高清正身上，指點建廟濟世。雖然山上沒電、沒路、沒水，但三太子夢中報地址：「三公里外的石壁有泉水。」大家一找，真的找到了！建廟過程也一路順利，神蹟傳開。','三太子遠渡重洋來深坑，三百年香火不斷','神廟變打卡點，香火與山景齊飛','神明夢中導航，荒山也能變金廟',24.97521,121.615131);
INSERT INTO "stations (original)" VALUES (16,'aipicture_20','106 club house','阿柔茶文化步道的起點，位於台106乙線的鐵馬驛站，距離台北101開車只要10分鐘。鄰近的阿柔楊產業道路則是自行車好手練車的地方。','隱藏在台 106 線旁的 106 Club HOUSE，是一處深受鐵馬好手喜愛的驛站，陳春發董事長透過自身的國外旅遊經驗，將對世界各地單車文化的見聞投射到深坑。106 Club HOUSE，不只是補給站，更是車友的情報交換中心！來阿柔茶文化步道，至少會看到一個腳踏車騎士！','緊鄰一旁的阿柔產業道路，蜿蜒、曲折、坡陡、彎急，擁有連續的上坡與彎路，不論是平日或假日，這條山路上經常可見自行車手用此地的天然地形進行訓練。但對當地阿伯來說，這裡只是一條日常買菜的小徑。','深坑不只讓你騎車，還要讓你騎得舒適！公所努力打造單車友善環境、設施與標誌，讓更多人透過自行車旅遊深入探索深坑的自然風貌與地方文化，未來這裡可能變成台北近郊最夯的「鐵馬勝地」！','騎士的秘密基地','最硬派的訓練場','鐵馬天堂進化中',24.998224,121.612849);
INSERT INTO "stations (original)" VALUES (17,'aipicture_20','106 club house','阿柔茶文化步道的起點，位於台106乙線的鐵馬驛站，距離台北101開車只要10分鐘。鄰近的阿柔楊產業道路則是自行車好手練車的地方。','隱藏在台 106 線旁的 106 Club HOUSE，是一處深受鐵馬好手喜愛的驛站，陳春發董事長透過自身的國外旅遊經驗，將對世界各地單車文化的見聞投射到深坑。106 Club HOUSE，不只是補給站，更是車友的情報交換中心！來阿柔茶文化步道，至少會看到一個腳踏車騎士！','緊鄰一旁的阿柔產業道路，蜿蜒、曲折、坡陡、彎急，擁有連續的上坡與彎路，不論是平日或假日，這條山路上經常可見自行車手用此地的天然地形進行訓練。但對當地阿伯來說，這裡只是一條日常買菜的小徑。','深坑不只讓你騎車，還要讓你騎得舒適！公所努力打造單車友善環境、設施與標誌，讓更多人透過自行車旅遊深入探索深坑的自然風貌與地方文化，未來這裡可能變成台北近郊最夯的「鐵馬勝地」！','騎士的秘密基地','最硬派的訓練場','鐵馬天堂進化中',24.998224,121.612849);
COMMIT;
